{"cameraMode":{"drawMode":0,"name":"Shaded","section":"Shading Mode"},"sceneLighting":false,"audioPlay":false,"sceneViewState":{"m_AlwaysRefresh":false,"showFog":true,"showSkybox":false,"showFlares":true,"showImageEffects":true,"showParticleSystems":true,"showVisualEffectGraphs":true,"m_FxEnabled":true},"in2DMode":false,"pivot":{"x":0.0018893531523644925,"y":0.07567434012889862,"z":0.03668444603681564},"rotation":{"x":-0.02885662019252777,"y":0.6142411231994629,"z":-0.022037580609321595,"w":-0.7884954810142517},"size":11.519333839416504,"orthographic":false}