{"cameraMode":{"drawMode":0,"name":"Shaded","section":"Shading Mode"},"sceneLighting":false,"audioPlay":false,"sceneViewState":{"m_AlwaysRefresh":false,"showFog":true,"showSkybox":false,"showFlares":true,"showImageEffects":true,"showParticleSystems":true,"showVisualEffectGraphs":true,"m_FxEnabled":true},"in2DMode":false,"pivot":{"x":0.2844773530960083,"y":0.2592261731624603,"z":-0.042452454566955569},"rotation":{"x":-0.009308810345828534,"y":0.011096875183284283,"z":-0.00010052684228867292,"w":-0.9999113082885742},"size":0.30232879519462588,"orthographic":false}