{"cameraMode":{"drawMode":0,"name":"Shaded","section":"Shading Mode"},"sceneLighting":false,"audioPlay":false,"sceneViewState":{"m_AlwaysRefresh":false,"showFog":true,"showSkybox":false,"showFlares":true,"showImageEffects":true,"showParticleSystems":true,"showVisualEffectGraphs":true,"m_FxEnabled":true},"in2DMode":false,"pivot":{"x":-3.8903656005859377,"y":1.9069998264312745,"z":0.006000012159347534},"rotation":{"x":0.00644174637272954,"y":0.7528749108314514,"z":0.007905890233814717,"w":-0.6583356261253357},"size":1.7581770420074463,"orthographic":false}