{"cameraMode":{"drawMode":0,"name":"Shaded","section":"Shading Mode"},"sceneLighting":false,"audioPlay":false,"sceneViewState":{"m_AlwaysRefresh":false,"showFog":true,"showSkybox":false,"showFlares":true,"showImageEffects":true,"showParticleSystems":true,"showVisualEffectGraphs":true,"m_FxEnabled":true},"in2DMode":false,"pivot":{"x":-3.8903656005859377,"y":1.6652898788452149,"z":0.008661270141601563},"rotation":{"x":-0.3021053075790405,"y":0.5237227082252502,"z":-0.20523716509342194,"w":-0.7698430418968201},"size":52.898826599121097,"orthographic":false}