{"cameraMode":{"drawMode":0,"name":"Shaded","section":"Shading Mode"},"sceneLighting":false,"audioPlay":false,"sceneViewState":{"m_AlwaysRefresh":false,"showFog":true,"showSkybox":false,"showFlares":true,"showImageEffects":true,"showParticleSystems":true,"showVisualEffectGraphs":true,"m_FxEnabled":true},"in2DMode":false,"pivot":{"x":0.02519160509109497,"y":0.18923133611679078,"z":-0.14226046204566956},"rotation":{"x":0.006079288199543953,"y":0.6819359064102173,"z":0.006225259508937597,"w":-0.7315853834152222},"size":0.8675142526626587,"orthographic":false}