{"cameraMode":{"drawMode":0,"name":"Shaded","section":"Shading Mode"},"sceneLighting":true,"audioPlay":false,"sceneViewState":{"m_AlwaysRefresh":false,"showFog":true,"showSkybox":true,"showFlares":true,"showImageEffects":true,"showParticleSystems":true,"showVisualEffectGraphs":true,"m_FxEnabled":true},"in2DMode":false,"pivot":{"x":11.270334243774414,"y":25.984281539916993,"z":-16.341598510742189},"rotation":{"x":0.023659978061914445,"y":-0.04886984825134277,"z":-0.001155341393314302,"w":-0.9985312819480896},"size":163.1208953857422,"orthographic":false}