{"cameraMode":{"drawMode":0,"name":"Shaded","section":"Shading Mode"},"sceneLighting":true,"audioPlay":false,"sceneViewState":{"m_AlwaysRefresh":false,"showFog":true,"showSkybox":true,"showFlares":true,"showImageEffects":true,"showParticleSystems":true,"showVisualEffectGraphs":true,"m_FxEnabled":true},"in2DMode":false,"pivot":{"x":114.11000061035156,"y":43.91999816894531,"z":14.871000289916993},"rotation":{"x":0.14266686141490937,"y":0.5216444134712219,"z":-0.09520602226257324,"w":0.8363358974456787},"size":3.5981462001800539,"orthographic":false}