{"cameraMode":{"drawMode":0,"name":"Shaded","section":"Shading Mode"},"sceneLighting":true,"audioPlay":false,"sceneViewState":{"m_AlwaysRefresh":false,"showFog":true,"showSkybox":true,"showFlares":true,"showImageEffects":true,"showParticleSystems":true,"showVisualEffectGraphs":true,"m_FxEnabled":true},"in2DMode":false,"pivot":{"x":29.593006134033204,"y":34.09041976928711,"z":-14.43889045715332},"rotation":{"x":-0.009308810345828534,"y":0.011096875183284283,"z":-0.00010052684228867292,"w":-0.9999113082885742},"size":30.832263946533204,"orthographic":false}