{"cameraMode":{"drawMode":0,"name":"Shaded","section":"Shading Mode"},"sceneLighting":true,"audioPlay":false,"sceneViewState":{"m_AlwaysRefresh":false,"showFog":true,"showSkybox":true,"showFlares":true,"showImageEffects":true,"showParticleSystems":true,"showVisualEffectGraphs":true,"m_FxEnabled":true},"in2DMode":false,"pivot":{"x":434.9684143066406,"y":228.10000610351563,"z":41.400001525878909},"rotation":{"x":0.11495045572519303,"y":-0.3695928454399109,"z":0.03835127875208855,"w":0.9218413233757019},"size":338.6186218261719,"orthographic":false}