{"cameraMode":{"drawMode":0,"name":"Shaded","section":"Shading Mode"},"sceneLighting":true,"audioPlay":false,"sceneViewState":{"m_AlwaysRefresh":false,"showFog":true,"showSkybox":true,"showFlares":true,"showImageEffects":true,"showParticleSystems":true,"showVisualEffectGraphs":true,"m_FxEnabled":true},"in2DMode":false,"pivot":{"x":437.7323303222656,"y":239.25067138671876,"z":-289.0212707519531},"rotation":{"x":0.022372543811798097,"y":-0.04600352421402931,"z":-0.0029122652485966684,"w":0.9991196990013123},"size":34.26774215698242,"orthographic":false}