{"cameraMode":{"drawMode":0,"name":"Shaded","section":"Shading Mode"},"sceneLighting":true,"audioPlay":false,"sceneViewState":{"m_AlwaysRefresh":false,"showFog":true,"showSkybox":true,"showFlares":true,"showImageEffects":true,"showParticleSystems":true,"showVisualEffectGraphs":true,"m_FxEnabled":true},"in2DMode":false,"pivot":{"x":396.62164306640627,"y":423.80560302734377,"z":29.501708984375},"rotation":{"x":-0.07810632884502411,"y":-0.027538791298866273,"z":-0.006079473998397589,"w":0.9969803690910339},"size":461.0252685546875,"orthographic":false}