{"cameraMode":{"drawMode":0,"name":"Shaded","section":"Shading Mode"},"sceneLighting":true,"audioPlay":false,"sceneViewState":{"m_AlwaysRefresh":false,"showFog":true,"showSkybox":true,"showFlares":true,"showImageEffects":true,"showParticleSystems":true,"showVisualEffectGraphs":true,"m_FxEnabled":true},"in2DMode":false,"pivot":{"x":178.40269470214845,"y":38.36188507080078,"z":148.91555786132813},"rotation":{"x":-0.004245312884449959,"y":0.010856992565095425,"z":0.0032726109493523838,"w":-1.0003092288970948},"size":113.23346710205078,"orthographic":false}