{"cameraMode":{"drawMode":0,"name":"Shaded","section":"Shading Mode"},"sceneLighting":true,"audioPlay":false,"sceneViewState":{"m_AlwaysRefresh":false,"showFog":true,"showSkybox":true,"showFlares":true,"showImageEffects":true,"showParticleSystems":true,"showVisualEffectGraphs":true,"m_FxEnabled":true},"in2DMode":false,"pivot":{"x":398.5307922363281,"y":29.305795669555665,"z":-59.0060920715332},"rotation":{"x":0.12620960175991059,"y":-0.08275476098060608,"z":0.009964997880160809,"w":0.9887468218803406},"size":0.902773380279541,"orthographic":false}