{"cameraMode":{"drawMode":0,"name":"Shaded","section":"Shading Mode"},"sceneLighting":true,"audioPlay":false,"sceneViewState":{"m_AlwaysRefresh":false,"showFog":true,"showSkybox":true,"showFlares":true,"showImageEffects":true,"showParticleSystems":true,"showVisualEffectGraphs":true,"m_FxEnabled":true},"in2DMode":false,"pivot":{"x":5.107094764709473,"y":17.92138671875,"z":-4.88810920715332},"rotation":{"x":0.008676854893565178,"y":0.05126023665070534,"z":0.00048754498129710555,"w":-0.9987289309501648},"size":57.521888732910159,"orthographic":false}