{"cameraMode":{"drawMode":0,"name":"Shaded","section":"Shading Mode"},"sceneLighting":false,"audioPlay":false,"sceneViewState":{"m_AlwaysRefresh":false,"showFog":true,"showSkybox":false,"showFlares":true,"showImageEffects":true,"showParticleSystems":true,"showVisualEffectGraphs":true,"m_FxEnabled":true},"in2DMode":false,"pivot":{"x":-0.9851264953613281,"y":3.3717894554138185,"z":4.489477157592773},"rotation":{"x":0.11811507493257523,"y":0.19726459681987763,"z":-0.024593371897935869,"w":0.9731627702713013},"size":11.078841209411621,"orthographic":false}