{"cameraMode":{"drawMode":0,"name":"Shaded","section":"Shading Mode"},"sceneLighting":false,"audioPlay":false,"sceneViewState":{"m_AlwaysRefresh":false,"showFog":true,"showSkybox":false,"showFlares":true,"showImageEffects":true,"showParticleSystems":true,"showVisualEffectGraphs":true,"m_FxEnabled":true},"in2DMode":false,"pivot":{"x":-0.09049999713897705,"y":0.003899998962879181,"z":-0.2590999901294708},"rotation":{"x":-0.05868445336818695,"y":-0.05659032240509987,"z":0.00339067867025733,"w":-0.9967657923698425},"size":0.9025933742523193,"orthographic":false}