{"cameraMode":{"drawMode":0,"name":"Shaded","section":"Shading Mode"},"sceneLighting":true,"audioPlay":false,"sceneViewState":{"m_AlwaysRefresh":false,"showFog":true,"showSkybox":true,"showFlares":true,"showImageEffects":true,"showParticleSystems":true,"showVisualEffectGraphs":true,"m_FxEnabled":true},"in2DMode":false,"pivot":{"x":104.57242584228516,"y":48.3087158203125,"z":2.857847213745117},"rotation":{"x":0.1247541531920433,"y":0.030366288498044015,"z":-0.003627099795266986,"w":0.9919179677963257},"size":108.23644256591797,"orthographic":false}