{"cameraMode":{"drawMode":0,"name":"Shaded","section":"Shading Mode"},"sceneLighting":true,"audioPlay":false,"sceneViewState":{"m_AlwaysRefresh":false,"showFog":true,"showSkybox":true,"showFlares":true,"showImageEffects":true,"showParticleSystems":true,"showVisualEffectGraphs":true,"m_FxEnabled":true},"in2DMode":false,"pivot":{"x":225.6085968017578,"y":331.7257995605469,"z":-239.56739807128907},"rotation":{"x":0.03959067538380623,"y":0.04616418480873108,"z":-0.0012625230010598899,"w":0.9983786940574646},"size":73.29595184326172,"orthographic":false}