{"cameraMode":{"drawMode":0,"name":"Shaded","section":"Shading Mode"},"sceneLighting":true,"audioPlay":false,"sceneViewState":{"m_AlwaysRefresh":false,"showFog":true,"showSkybox":true,"showFlares":true,"showImageEffects":true,"showParticleSystems":true,"showVisualEffectGraphs":true,"m_FxEnabled":true},"in2DMode":false,"pivot":{"x":362.8669738769531,"y":3.4956002235412599,"z":-0.02787160873413086},"rotation":{"x":0.15842078626155854,"y":-0.07713062316179276,"z":0.01334311068058014,"w":0.9845638275146484},"size":48.905921936035159,"orthographic":false}