{"cameraMode":{"drawMode":0,"name":"Shaded","section":"Shading Mode"},"sceneLighting":true,"audioPlay":false,"sceneViewState":{"m_AlwaysRefresh":false,"showFog":true,"showSkybox":true,"showFlares":true,"showImageEffects":true,"showParticleSystems":true,"showVisualEffectGraphs":true,"m_FxEnabled":true},"in2DMode":false,"pivot":{"x":1117.1148681640625,"y":427.80145263671877,"z":-816.2025146484375},"rotation":{"x":-0.07970791310071945,"y":-0.037163592875003818,"z":-0.002091012429445982,"w":0.9964253902435303},"size":35.20698547363281,"orthographic":false}