{"cameraMode":{"drawMode":0,"name":"Shaded","section":"Shading Mode"},"sceneLighting":false,"audioPlay":false,"sceneViewState":{"m_AlwaysRefresh":false,"showFog":true,"showSkybox":false,"showFlares":true,"showImageEffects":true,"showParticleSystems":true,"showVisualEffectGraphs":true,"m_FxEnabled":true},"in2DMode":false,"pivot":{"x":-71.80656433105469,"y":10.311141014099121,"z":-64.16653442382813},"rotation":{"x":0.05039924755692482,"y":-0.02642636187374592,"z":0.000738492060918361,"w":0.9986277222633362},"size":12.728751182556153,"orthographic":false}