{"cameraMode":{"drawMode":0,"name":"Shaded","section":"Shading Mode"},"sceneLighting":false,"audioPlay":false,"sceneViewState":{"m_AlwaysRefresh":false,"showFog":true,"showSkybox":false,"showFlares":true,"showImageEffects":true,"showParticleSystems":true,"showVisualEffectGraphs":true,"m_FxEnabled":true},"in2DMode":false,"pivot":{"x":-0.008800536394119263,"y":-0.052000001072883609,"z":0.022387385368347169},"rotation":{"x":-0.00031264976132661104,"y":-0.9759035110473633,"z":0.21906058490276338,"w":-0.0008524087606929243},"size":0.5838829278945923,"orthographic":false}