{"cameraMode":{"drawMode":0,"name":"Shaded","section":"Shading Mode"},"sceneLighting":false,"audioPlay":false,"sceneViewState":{"m_AlwaysRefresh":false,"showFog":true,"showSkybox":false,"showFlares":true,"showImageEffects":true,"showParticleSystems":true,"showVisualEffectGraphs":true,"m_FxEnabled":true},"in2DMode":false,"pivot":{"x":-10.420000076293946,"y":2.0899999141693117,"z":-0.38999995589256289},"rotation":{"x":0.00644174637272954,"y":0.7528749108314514,"z":0.007905890233814717,"w":-0.6583356261253357},"size":2.2873315811157228,"orthographic":false}