{"cameraMode":{"drawMode":0,"name":"Shaded","section":"Shading Mode"},"sceneLighting":false,"audioPlay":false,"sceneViewState":{"m_AlwaysRefresh":false,"showFog":true,"showSkybox":false,"showFlares":true,"showImageEffects":true,"showParticleSystems":true,"showVisualEffectGraphs":true,"m_FxEnabled":true},"in2DMode":false,"pivot":{"x":63.239036560058597,"y":25.590621948242189,"z":93.93970489501953},"rotation":{"x":0.03760455176234245,"y":0.7374560832977295,"z":-0.04119928553700447,"w":0.6730948090553284},"size":0.30797162652015688,"orthographic":false}