{"cameraMode":{"drawMode":0,"name":"Shaded","section":"Shading Mode"},"sceneLighting":false,"audioPlay":false,"sceneViewState":{"m_AlwaysRefresh":false,"showFog":true,"showSkybox":false,"showFlares":true,"showImageEffects":true,"showParticleSystems":true,"showVisualEffectGraphs":true,"m_FxEnabled":true},"in2DMode":false,"pivot":{"x":0.2844773530960083,"y":0.2592261731624603,"z":-0.042452454566955569},"rotation":{"x":-0.00031264976132661104,"y":-0.9759035110473633,"z":0.21906058490276338,"w":-0.0008524087606929243},"size":0.4695073962211609,"orthographic":false}